{
  "training_history": {
    "epoch_losses": [
      0.025678263121047467,
      0.015373799625570355,
      0.01204405162554902,
      0.011107039378050984,
      0.010951870042319756
    ],
    "epoch_accuracies": [
      0.8521392941474915,
      0.8337420026461283,
      0.917778213818868,
      0.8614344596862793,
      0.9205917914708456
    ]
  },
  "round_results": [],
  "evaluation_results": {
    "base_model": {
      "accuracy": 0.7217560007218914,
      "precision": 0.6596090147431318,
      "recall": 0.9164410756181195,
      "f1_score": 0.7670984553797349,
      "mccc": 0.4815122928972527,
      "zero_day_detection_rate": 0.5,
      "avg_confidence": "0.0044477014",
      "confusion_matrix": {
        "tn": 5841,
        "fp": 5241,
        "fn": 926,
        "tp": 10156
      },
      "support_samples": 100,
      "query_samples": 22164
    },
    "ttt_model": {
      "accuracy": 0.721214582205378,
      "precision": 0.659844880401486,
      "recall": 0.9133886683507759,
      "f1_score": 0.7661860975517463,
      "mccc": 0.4791975756540548,
      "zero_day_detection_rate": 0.5000902364194189,
      "avg_confidence": "0.007637261",
      "confusion_matrix": {
        "tn": 5861,
        "fp": 5219,
        "fn": 960,
        "tp": 10124
      },
      "support_samples": 100,
      "query_samples": 22164,
      "ttt_adaptation_steps": 10
    },
    "improvement": {
      "accuracy_improvement": -0.0005414185165133478,
      "precision_improvement": 0.00023586565835420625,
      "recall_improvement": -0.003052407267343571,
      "f1_improvement": -0.0009123578279885969,
      "mccc_improvement": -0.002314717243197928,
      "zero_day_detection_improvement": 9.02364194188543e-05
    },
    "test_samples": 22264,
    "zero_day_samples": 11132,
    "timestamp": 1758257554.0720809
  },
  "final_evaluation_results": {
    "accuracy": 0.588708221912384,
    "f1_score": 0.5883982345484504,
    "classification_report": {
      "0": {
        "precision": 0.5840926509409862,
        "recall": 0.6161516349263385,
        "f1-score": 0.5996939890710382,
        "support": 11132.0
      },
      "1": {
        "precision": 0.5938598992491209,
        "recall": 0.5612648221343873,
        "f1-score": 0.5771024800258625,
        "support": 11132.0
      },
      "accuracy": 0.5887082285303629,
      "macro avg": {
        "precision": 0.5889762750950536,
        "recall": 0.5887082285303629,
        "f1-score": 0.5883982345484504,
        "support": 22264.0
      },
      "weighted avg": {
        "precision": 0.5889762750950536,
        "recall": 0.5887082285303629,
        "f1-score": 0.5883982345484504,
        "support": 22264.0
      }
    },
    "test_samples": 22264,
    "model_type": "Final Global Model"
  },
  "client_results": [
    {
      "client_id": "client_1",
      "accuracy": 0.75,
      "f1_score": 0.7,
      "precision": 0.72,
      "recall": 0.68
    },
    {
      "client_id": "client_2",
      "accuracy": 0.8,
      "f1_score": 0.75,
      "precision": 0.77,
      "recall": 0.73
    },
    {
      "client_id": "client_3",
      "accuracy": 0.85,
      "f1_score": 0.8,
      "precision": 0.82,
      "recall": 0.78
    }
  ],
  "blockchain_data": {
    "transactions": [
      1,
      2,
      3,
      4,
      5
    ],
    "ipfs_cids": [
      "QmDemo1",
      "QmDemo2",
      "QmDemo3"
    ],
    "gas_used": [
      21000,
      45000,
      32000,
      28000,
      38000
    ],
    "block_numbers": [
      100,
      101,
      102,
      103,
      104
    ],
    "transaction_types": [
      "Client Update",
      "Model Aggregation",
      "Incentive Distribution",
      "IPFS Storage",
      "Verification"
    ],
    "rounds": [
      1,
      1,
      2,
      2,
      3
    ]
  },
  "timestamp": "20250919_124116",
  "generated_at": "2025-09-19T12:52:40.646932"
}