{
  "training_history": {
    "epoch_losses": [
      0.08237308114249674,
      0.07246843798396489,
      0.0443527582317512,
      0.05437112911022268,
      0.053191339995612874,
      0.06692305233359715
    ],
    "epoch_accuracies": [
      0.8803703842339692,
      0.8977777891688876,
      0.9407407460389313,
      0.9288888971010846,
      0.9344444517736082,
      0.9166666741724367
    ]
  },
  "round_results": [],
  "evaluation_results": {
    "base_model": {
      "accuracy": 0.777,
      "precision": 0.7383820998278829,
      "recall": 0.858,
      "f1_score": 0.7755272341834777,
      "mccc": 0.5614158782191507,
      "zero_day_detection_rate": 0.5,
      "optimal_threshold": "0.27007678",
      "roc_auc": 0.8412130000000001,
      "confusion_matrix": {
        "tn": 696,
        "fp": 304,
        "fn": 142,
        "tp": 858
      },
      "test_samples": 2000,
      "query_samples": 2000,
      "support_samples": 500
    },
    "ttt_model": {
      "accuracy": 0.9772727272727273,
      "precision": 0.9545454545454546,
      "recall": 1.0,
      "f1_score": 0.9767441860465116,
      "mccc": 0.9555330859059091,
      "zero_day_detection_rate": 0.4772727272727273,
      "avg_confidence": "0.4975459",
      "confusion_matrix": {
        "tn": 22,
        "fp": 1,
        "fn": 0,
        "tp": 21
      },
      "support_samples": 44,
      "query_samples": 44,
      "ttt_adaptation_steps": 10,
      "optimal_threshold": "0.8903181",
      "roc_auc": 0.994824016563147,
      "roc_curve": {
        "fpr": [
          0.0,
          0.0,
          0.0,
          0.0,
          0.0,
          0.0,
          0.0,
          0.0,
          0.043478260869565216,
          0.043478260869565216,
          1.0
        ],
        "tpr": [
          0.0,
          0.09523809523809523,
          0.14285714285714285,
          0.38095238095238093,
          0.5714285714285714,
          0.7142857142857143,
          0.8095238095238095,
          0.8571428571428571,
          0.9047619047619048,
          1.0,
          1.0
        ],
        "thresholds": [
          Infinity,
          0.9999926090240479,
          0.9999924898147583,
          0.9999923706054688,
          0.9999922513961792,
          0.9999921321868896,
          0.9999920129776001,
          0.9999901056289673,
          0.9999792575836182,
          0.8903180956840515,
          7.794853445375338e-06
        ]
      }
    },
    "base_model_kfold": {
      "accuracy_mean": 0.6593869731800767,
      "accuracy_std": 0.07275861060166705,
      "precision_mean": 0.6593869731800767,
      "precision_std": 0.07275861060166705,
      "recall_mean": 0.6593869731800767,
      "recall_std": 0.07275861060166705,
      "macro_f1_mean": 0.6458008658008657,
      "macro_f1_std": 0.08057814121018671,
      "mcc_mean": 0.3380762737822516,
      "mcc_std": 0.15997670532143388,
      "confusion_matrix": [
        [
          9,
          6
        ],
        [
          1,
          13
        ]
      ],
      "roc_curve": {
        "fpr": [
          0.0,
          0.0,
          0.06666666666666667,
          0.06666666666666667,
          0.13333333333333333,
          0.13333333333333333,
          0.2,
          0.2,
          0.26666666666666666,
          0.26666666666666666,
          0.9333333333333333,
          0.9333333333333333,
          1.0
        ],
        "tpr": [
          0.0,
          0.07142857142857142,
          0.07142857142857142,
          0.5714285714285714,
          0.5714285714285714,
          0.6428571428571429,
          0.6428571428571429,
          0.8571428571428571,
          0.8571428571428571,
          0.9285714285714286,
          0.9285714285714286,
          1.0,
          1.0
        ],
        "thresholds": [
          Infinity,
          0.5525361895561218,
          0.5436004996299744,
          0.5194608569145203,
          0.5161323547363281,
          0.5134192705154419,
          0.5122976899147034,
          0.5112186670303345,
          0.5108187198638916,
          0.5099490880966187,
          0.48363134264945984,
          0.4815373718738556,
          0.47926416993141174
        ]
      },
      "roc_auc": 0.8285714285714287,
      "optimal_threshold": 0.5099490880966187
    },
    "ttt_model_metatasks": {
      "accuracy_mean": 0.7704545454545455,
      "accuracy_std": 0.10730065121920798,
      "precision_mean": 0.7704545454545455,
      "precision_std": 0.10730065121920798,
      "recall_mean": 0.7704545454545455,
      "recall_std": 0.10730065121920798,
      "macro_f1_mean": 0.7695630948326919,
      "macro_f1_std": 0.10792678774517465,
      "mcc_mean": 0.5443497537954799,
      "mcc_std": 0.2154202226273444,
      "confusion_matrix": [
        [
          17,
          5
        ],
        [
          0,
          22
        ]
      ],
      "roc_curve": {
        "fpr": [
          0.0,
          0.0,
          0.0,
          0.045454545454545456,
          0.045454545454545456,
          0.09090909090909091,
          0.09090909090909091,
          0.13636363636363635,
          0.13636363636363635,
          0.18181818181818182,
          0.18181818181818182,
          0.22727272727272727,
          0.22727272727272727,
          1.0
        ],
        "tpr": [
          0.0,
          0.045454545454545456,
          0.13636363636363635,
          0.13636363636363635,
          0.2727272727272727,
          0.2727272727272727,
          0.3181818181818182,
          0.3181818181818182,
          0.45454545454545453,
          0.45454545454545453,
          0.8636363636363636,
          0.8636363636363636,
          1.0,
          1.0
        ],
        "thresholds": [
          Infinity,
          0.9997242093086243,
          0.9990704655647278,
          0.9980158805847168,
          0.9933277368545532,
          0.9932382106781006,
          0.9928780198097229,
          0.9928699135780334,
          0.9838312864303589,
          0.9787912368774414,
          0.9169800877571106,
          0.8957405686378479,
          0.6793191432952881,
          4.186704245512374e-06
        ]
      },
      "roc_auc": 0.8657024793388429,
      "optimal_threshold": 0.6793191432952881
    },
    "improvement": {
      "accuracy_improvement": 0.20027272727272727,
      "precision_improvement": 0.21616335471757164,
      "recall_improvement": 0.14200000000000002,
      "f1_improvement": 0.2012169518630339,
      "mcc_improvement": 0,
      "zero_day_detection_improvement": -0.022727272727272707
    },
    "test_samples": 88,
    "evaluated_samples": 88,
    "meta_tasks_samples": 88,
    "zero_day_samples": 44,
    "timestamp": 1760158859.9901247
  },
  "final_evaluation_results": {
    "accuracy": 0.777,
    "f1_score": 0.7755272341834777,
    "mcc": 0.5614158782191507,
    "zero_day_detection_rate": 0.5,
    "test_samples": 2000,
    "model_type": "Final Global Model (Identical to Zero-Day Detection)",
    "evaluation_method": "Transductive Few-Shot Learning (Identical)",
    "confusion_matrix": {
      "tn": 696,
      "fp": 304,
      "fn": 142,
      "tp": 858
    },
    "roc_curve": {},
    "roc_auc": 0.8412130000000001,
    "optimal_threshold": "0.27007678"
  },
  "client_results": [
    {
      "client_id": "client_1",
      "accuracy": 0.919,
      "f1_score": 0.873,
      "precision": 0.883,
      "recall": 0.863
    },
    {
      "client_id": "client_2",
      "accuracy": 0.91,
      "f1_score": 0.864,
      "precision": 0.874,
      "recall": 0.854
    },
    {
      "client_id": "client_3",
      "accuracy": 0.921,
      "f1_score": 0.875,
      "precision": 0.885,
      "recall": 0.865
    }
  ],