{
  "binary_classification": {
    "binary_metrics": {
      "accuracy": 0.4166180912511261,
      "precision": 0.38690433407604397,
      "recall": 0.2852525038418738,
      "f1_score": 0.32839189848706685,
      "roc_auc": 0.41661809125112603
    },
    "open_set_metrics": {
      "novel_precision": 0.5,
      "novel_recall": 1.0,
      "novel_f1": 0.6666666666666666,
      "novel_fpr": 1.0,
      "n_novel_detected": "37742",
      "n_true_novel": "18871",
      "n_false_novel": "18871",
      "avg_confidence": "0.0"
    },
    "n_clusters_detected": 0,
    "n_novel_attacks": "37742",
    "avg_confidence": 0.0
  },
  "test_time_training": {
    "binary_metrics": {
      "accuracy": 0.9779429298148001,
      "precision": 0.9875404530744336,
      "recall": 0.9681922741334179,
      "f1_score": 0.9777706572675933
    },
    "open_set_metrics": {
      "novel_precision": 0.5010333041888562,
      "novel_recall": 1.0,
      "novel_f1": 0.6675845269930366,
      "novel_fpr": 1.0,
      "n_novel_detected": "25162",
      "n_true_novel": "12607",
      "n_false_novel": "12555",
      "avg_confidence": "0.6"
    },
    "n_novel_attacks": "25162",
    "avg_confidence": 0.5999999642372131
  },
  "zero_day_attack": "Generic",
  "config": {
    "rejection_threshold": 0.4,
    "dbscan_eps": 0.4,
    "dbscan_min_samples": 4,
    "ttt_lr": 0.001,
    "ttt_steps": 10
  }
}