{
  "binary_classification": {
    "binary_metrics": {
      "accuracy": 0.5390281384134387,
      "precision": 0.5204135369605588,
      "recall": 0.9949658205712469,
      "f1_score": 0.6833848953594176,
      "roc_auc": 0.34685344206333824
    },
    "open_set_metrics": {
      "novel_precision": 0.5,
      "novel_recall": 1.0,
      "novel_f1": 0.6666666666666666,
      "novel_fpr": 1.0,
      "n_novel_detected": "37742",
      "n_true_novel": "18871",
      "n_false_novel": "18871",
      "avg_confidence": "0.0"
    },
    "n_clusters_detected": 475,
    "n_novel_attacks": "37742",
    "avg_confidence": 0.0
  },
  "test_time_training": {
    "binary_metrics": {
      "accuracy": 0.964668945234878,
      "precision": 0.9748743718592965,
      "recall": 0.9540731339731895,
      "f1_score": 0.9643615955101222
    },
    "open_set_metrics": {
      "novel_precision": 0.5010333041888562,
      "novel_recall": 1.0,
      "novel_f1": 0.6675845269930366,
      "novel_fpr": 1.0,
      "n_novel_detected": "25162",
      "n_true_novel": "12607",
      "n_false_novel": "12555",
      "avg_confidence": "0.50999016"
    },
    "n_novel_attacks": "25162",
    "avg_confidence": 0.5099900960922241
  },
  "zero_day_attack": "Generic",
  "config": {
    "rejection_threshold": 0.5,
    "dbscan_eps": 0.5,
    "dbscan_min_samples": 5,
    "ttt_lr": 0.001,
    "ttt_steps": 10
  }
}